Record Length,2.50E+03,,0,0.04
Sample Interval,1.00E-02,,0.01,0.04
Trigger Point,0.00E+00,,0.02,0.04
,,,0.03,0.02
,,,0.04,0.04
,,,0.05,0.04
Source,CH1,,0.06,0.04
Vertical Units,V,,0.07,0.04
Vertical Scale,5.00E-01,,0.08,0.04
Vertical Offset,5.60E-01,,0.09,0.04
Horizontal Units,s,,0.1,0.04
Horizontal Scale,2.50E+00,,0.11,0.04
Pt Fmt,Y,,0.12,0.04
Yzero,0.00E+00,,0.13,0.04
Probe Atten,1.00E+00,,0.14,0.02
Model Number,TDS2004B,,0.15,0.04
Serial Number,C035980,,0.16,0.02
Firmware Version,FV:v22.01,,0.17,0.04
,,,0.18,0.04
,,,0.19,0.04
,,,0.2,0.04
,,,0.21,0.04
,,,0.22,0.04
,,,0.23,0.04
,,,0.24,0.04
,,,0.25,0.04
,,,0.26,0.04
,,,0.27,0.04
,,,0.28,0.02
,,,0.29,0.04
,,,0.3,0.04
,,,0.31,0.02
,,,0.32,0.04
,,,0.33,0.04
,,,0.34,0.02
,,,0.35,0.04
,,,0.36,0.04
,,,0.37,0.04
,,,0.38,0.04
,,,0.39,0.04
,,,0.4,0.04
,,,0.41,0.04
,,,0.42,0.02
,,,0.43,0.04
,,,0.44,0.04
,,,0.45,0.04
,,,0.46,0.04
,,,0.47,0.04
,,,0.48,0.04
,,,0.49,0.04
,,,0.5,0.04
,,,0.51,0.04
,,,0.52,0.04
,,,0.53,0.04
,,,0.54,0.04
,,,0.55,0.04
,,,0.56,0.04
,,,0.57,0.04
,,,0.58,0.04
,,,0.59,0.04
,,,0.6,0.04
,,,0.61,0.06
,,,0.62,0.04
,,,0.63,0.04
,,,0.64,0.04
,,,0.65,0.04
,,,0.66,0.04
,,,0.67,0.04
,,,0.68,0.04
,,,0.69,0.04
,,,0.7,0.04
,,,0.71,0.04
,,,0.72,0.04
,,,0.73,0.04
,,,0.74,0.04
,,,0.75,0.04
,,,0.76,0.04
,,,0.77,0.04
,,,0.78,0.02
,,,0.79,0.04
,,,0.8,0.04
,,,0.81,0.04
,,,0.82,0.04
,,,0.83,0.04
,,,0.84,0.04
,,,0.85,0.04
,,,0.86,0.02
,,,0.87,0.02
,,,0.88,0.04
,,,0.89,0.04
,,,0.9,0.04
,,,0.91,0.04
,,,0.92,0.04
,,,0.93,0.02
,,,0.94,0.04
,,,0.95,0.04
,,,0.96,0.04
,,,0.97,0.04
,,,0.98,0.06
,,,0.99,0.04
,,,1,0.04
,,,1.01,0.04
,,,1.02,0.04
,,,1.03,0.02
,,,1.04,0.04
,,,1.05,0.04
,,,1.06,0.04
,,,1.07,0.04
,,,1.08,0.04
,,,1.09,0.04
,,,1.1,0.04
,,,1.11,0.04
,,,1.12,0.04
,,,1.13,0.04
,,,1.14,0.04
,,,1.15,0.02
,,,1.16,0.02
,,,1.17,0.04
,,,1.18,0.04
,,,1.19,0.04
,,,1.2,0.04
,,,1.21,0.04
,,,1.22,0.04
,,,1.23,0.04
,,,1.24,0.04
,,,1.25,0.04
,,,1.26,0.04
,,,1.27,0.04
,,,1.28,0.04
,,,1.29,0.04
,,,1.3,0.04
,,,1.31,0.04
,,,1.32,0.04
,,,1.33,0.02
,,,1.34,0.04
,,,1.35,0.04
,,,1.36,0.04
,,,1.37,0.04
,,,1.38,0.04
,,,1.39,0.06
,,,1.4,0.04
,,,1.41,0.02
,,,1.42,0.04
,,,1.43,0.04
,,,1.44,0.04
,,,1.45,0.04
,,,1.46,0.04
,,,1.47,0.04
,,,1.48,0.04
,,,1.49,0.04
,,,1.5,0.04
,,,1.51,0.04
,,,1.52,0.04
,,,1.53,0.04
,,,1.54,0.04
,,,1.55,0.04
,,,1.56,0.04
,,,1.57,0.04
,,,1.58,0.04
,,,1.59,0.04
,,,1.6,0.04
,,,1.61,0.04
,,,1.62,0.02
,,,1.63,0.04
,,,1.64,0.04
,,,1.65,0.04
,,,1.66,0.04
,,,1.67,0.04
,,,1.68,0.04
,,,1.69,0.04
,,,1.7,0.04
,,,1.71,0.04
,,,1.72,0.02
,,,1.73,0.04
,,,1.74,0.02
,,,1.75,0.04
,,,1.76,0.04
,,,1.77,0.04
,,,1.78,0.04
,,,1.79,0.04
,,,1.8,0.04
,,,1.81,0.04
,,,1.82,0.04
,,,1.83,0.04
,,,1.84,0.04
,,,1.85,0.04
,,,1.86,0.04
,,,1.87,0.04
,,,1.88,0.04
,,,1.89,0.04
,,,1.9,0.04
,,,1.91,0.04
,,,1.92,0.04
,,,1.93,0.04
,,,1.94,0.04
,,,1.95,0.04
,,,1.96,0.04
,,,1.97,0.04
,,,1.98,0.02
,,,1.99,0.04
,,,2,0.04
,,,2.01,0.04
,,,2.02,0.04
,,,2.03,0.04
,,,2.04,0.04
,,,2.05,0.02
,,,2.06,0.04
,,,2.07,0.04
,,,2.08,0.04
,,,2.09,0.04
,,,2.1,0.04
,,,2.11,0.04
,,,2.12,0.04
,,,2.13,0.04
,,,2.14,0.04
,,,2.15,0.04
,,,2.16,0.04
,,,2.17,0.04
,,,2.18,0.04
,,,2.19,0.04
,,,2.2,0.04
,,,2.21,0.04
,,,2.22,0.04
,,,2.23,0.04
,,,2.24,0.04
,,,2.25,0.04
,,,2.26,0.04
,,,2.27,0.04
,,,2.28,0.04
,,,2.29,0.04
,,,2.3,0.02
,,,2.31,0.04
,,,2.32,0.04
,,,2.33,0.04
,,,2.34,0.04
,,,2.35,0.02
,,,2.36,0.04
,,,2.37,0.04
,,,2.38,0.04
,,,2.39,0.02
,,,2.4,0.02
,,,2.41,0.04
,,,2.42,0.02
,,,2.43,0.04
,,,2.44,0.04
,,,2.45,0.04
,,,2.46,0.04
,,,2.47,0.04
,,,2.48,0.04
,,,2.49,0.04
,,,2.5,0.04
,,,2.51,0.04
,,,2.52,0.04
,,,2.53,0.02
,,,2.54,0.04
,,,2.55,0.04
,,,2.56,0.04
,,,2.57,0.04
,,,2.58,0.04
,,,2.59,0.04
,,,2.6,0.04
,,,2.61,0.04
,,,2.62,0.04
,,,2.63,0.04
,,,2.64,0.04
,,,2.65,0.04
,,,2.66,0.04
,,,2.67,0.04
,,,2.68,0.04
,,,2.69,0.04
,,,2.7,0.04
,,,2.71,0.04
,,,2.72,0.04
,,,2.73,0.04
,,,2.74,0.04
,,,2.75,0.04
,,,2.76,0.04
,,,2.77,0.04
,,,2.78,0.04
,,,2.79,0.04
,,,2.8,0.04
,,,2.81,0.02
,,,2.82,0.04
,,,2.83,0.04
,,,2.84,0.04
,,,2.85,0.02
,,,2.86,0
,,,2.87,0.06
,,,2.88,0.04
,,,2.89,0.04
,,,2.9,0.04
,,,2.91,0.04
,,,2.92,0.04
,,,2.93,0.04
,,,2.94,0.04
,,,2.95,0.04
,,,2.96,0.02
,,,2.97,0.06
,,,2.98,0.04
,,,2.99,0.04
,,,3,0.04
,,,3.01,0.04
,,,3.02,0.04
,,,3.03,0.04
,,,3.04,0.04
,,,3.05,0.04
,,,3.06,0
,,,3.07,0.08
,,,3.08,0.06
,,,3.09,0.04
,,,3.1,0.04
,,,3.11,0.02
,,,3.12,0.04
,,,3.13,0.04
,,,3.14,0.04
,,,3.15,0.04
,,,3.16,0.02
,,,3.17,0.06
,,,3.18,0.06
,,,3.19,0.04
,,,3.2,0.04
,,,3.21,0.04
,,,3.22,0.04
,,,3.23,0.02
,,,3.24,0.04
,,,3.25,0.04
,,,3.26,0
,,,3.27,-0.04
,,,3.28,0.08
,,,3.29,0.06
,,,3.3,0.04
,,,3.31,0.04
,,,3.32,0.04
,,,3.33,0.04
,,,3.34,0.04
,,,3.35,0.04
,,,3.36,0.04
,,,3.37,0.02
,,,3.38,-0.04
,,,3.39,0.1
,,,3.4,0.04
,,,3.41,0.04
,,,3.42,0.04
,,,3.43,0.04
,,,3.44,0.04
,,,3.45,0.04
,,,3.46,0.04
,,,3.47,0.02
,,,3.48,-0.1
,,,3.49,0.06
,,,3.5,0.12
,,,3.51,0.06
,,,3.52,0.04
,,,3.53,0.04
,,,3.54,0.04
,,,3.55,0.04
,,,3.56,0.04
,,,3.57,0.04
,,,3.58,-0.06
,,,3.59,0.02
,,,3.6,0.12
,,,3.61,0.06
,,,3.62,0.04
,,,3.63,0.04
,,,3.64,0.04
,,,3.65,0.04
,,,3.66,0.04
,,,3.67,0.04
,,,3.68,0
,,,3.69,-0.12
,,,3.7,0.1
,,,3.71,0.14
,,,3.72,0.06
,,,3.73,0.04
,,,3.74,0.04
,,,3.75,0.04
,,,3.76,0.04
,,,3.77,0.02
,,,3.78,0.04
,,,3.79,-0.04
,,,3.8,-0.02
,,,3.81,0.1
,,,3.82,0.08
,,,3.83,0.04
,,,3.84,0.02
,,,3.85,0.04
,,,3.86,0.04
,,,3.87,0.06
,,,3.88,0.04
,,,3.89,0.04
,,,3.9,0.04
,,,3.91,-0.04
,,,3.92,0.08
,,,3.93,0.08
,,,3.94,0.04
,,,3.95,0.04
,,,3.96,0.04
,,,3.97,0.04
,,,3.98,0.04
,,,3.99,0.04
,,,4,0.04
,,,4.01,-0.02
,,,4.02,0.04
,,,4.03,0.08
,,,4.04,0.04
,,,4.05,0.04
,,,4.06,0.04
,,,4.07,0.04
,,,4.08,0.04
,,,4.09,0.04
,,,4.1,0
,,,4.11,-0.02
,,,4.12,0.06
,,,4.13,0.08
,,,4.14,0.06
,,,4.15,0.02
,,,4.16,0.04
,,,4.17,0.04
,,,4.18,0.04
,,,4.19,0.04
,,,4.2,0
,,,4.21,-0.02
,,,4.22,0.06
,,,4.23,0.1
,,,4.24,0.06
,,,4.25,0.04
,,,4.26,0.02
,,,4.27,0.04
,,,4.28,0.04
,,,4.29,0.04
,,,4.3,0.02
,,,4.31,-0.04
,,,4.32,0.06
,,,4.33,0.08
,,,4.34,0.06
,,,4.35,0.04
,,,4.36,0.04
,,,4.37,0.04
,,,4.38,0.04
,,,4.39,0.02
,,,4.4,0.04
,,,4.41,-0.04
,,,4.42,0.02
,,,4.43,0.06
,,,4.44,0.08
,,,4.45,0.04
,,,4.46,0.04
,,,4.47,0.04
,,,4.48,0.04
,,,4.49,0.04
,,,4.5,0.02
,,,4.51,0.02
,,,4.52,0
,,,4.53,-0.02
,,,4.54,0.08
,,,4.55,0.06
,,,4.56,0.04
,,,4.57,0.04
,,,4.58,0.04
,,,4.59,0.04
,,,4.6,0.06
,,,4.61,0.04
,,,4.62,0.04
,,,4.63,0
,,,4.64,-0.02
,,,4.65,0.08
,,,4.66,0.06
,,,4.67,0.04
,,,4.68,0.04
,,,4.69,0.04
,,,4.7,0.04
,,,4.71,0.04
,,,4.72,0.04
,,,4.73,0.04
,,,4.74,0.04
,,,4.75,0.02
,,,4.76,0.02
,,,4.77,0.04
,,,4.78,0.04
,,,4.79,0.04
,,,4.8,0.04
,,,4.81,0.04
,,,4.82,0.04
,,,4.83,0.04
,,,4.84,0.02
,,,4.85,-0.08
,,,4.86,0.06
,,,4.87,0.1
,,,4.88,0.06
,,,4.89,0.04
,,,4.9,0.04
,,,4.91,0.04
,,,4.92,0.02
,,,4.93,0.04
,,,4.94,-0.08
,,,4.95,-0.02
,,,4.96,0.1
,,,4.97,0.1
,,,4.98,0.06
,,,4.99,0.04
,,,5,0.04
,,,5.01,0.04
,,,5.02,0.04
,,,5.03,0.04
,,,5.04,0.02
,,,5.05,0.04
,,,5.06,0.04
,,,5.07,0.04
,,,5.08,0.04
,,,5.09,0.04
,,,5.1,0.04
,,,5.11,0.04
,,,5.12,0.04
,,,5.13,0.04
,,,5.14,0.04
,,,5.15,0.04
,,,5.16,0.04
,,,5.17,0.04
,,,5.18,0.04
,,,5.19,0.04
,,,5.2,0.04
,,,5.21,0.02
,,,5.22,0.04
,,,5.23,0.04
,,,5.24,0.04
,,,5.25,0.04
,,,5.26,0.04
,,,5.27,0.04
,,,5.28,0.04
,,,5.29,0.04
,,,5.3,0.04
,,,5.31,0.04
,,,5.32,0.04
,,,5.33,0.02
,,,5.34,-0.04
,,,5.35,0.06
,,,5.36,0.08
,,,5.37,0.04
,,,5.38,0.04
,,,5.39,0.04
,,,5.4,0.02
,,,5.41,0.02
,,,5.42,0.04
,,,5.43,0
,,,5.44,-0.02
,,,5.45,0.08
,,,5.46,0.08
,,,5.47,0.04
,,,5.48,0.02
,,,5.49,0.04
,,,5.5,0.04
,,,5.51,0.04
,,,5.52,0.04
,,,5.53,0.04
,,,5.54,0.02
,,,5.55,0.06
,,,5.56,0.04
,,,5.57,0.04
,,,5.58,0.02
,,,5.59,0.04
,,,5.6,0.04
,,,5.61,0.04
,,,5.62,0.04
,,,5.63,0.04
,,,5.64,0.04
,,,5.65,0.04
,,,5.66,0.02
,,,5.67,0.04
,,,5.68,0.02
,,,5.69,0
,,,5.7,0.06
,,,5.71,0.04
,,,5.72,0.06
,,,5.73,0.04
,,,5.74,0.04
,,,5.75,0.06
,,,5.76,0.04
,,,5.77,0.04
,,,5.78,0.04
,,,5.79,0.04
,,,5.8,0.04
,,,5.81,0
,,,5.82,0.04
,,,5.83,0.04
,,,5.84,0.02
,,,5.85,0.04
,,,5.86,0.04
,,,5.87,0.04
,,,5.88,0.04
,,,5.89,0.04
,,,5.9,0.04
,,,5.91,0.02
,,,5.92,0.04
,,,5.93,0.04
,,,5.94,0.04
,,,5.95,0.04
,,,5.96,0.02
,,,5.97,0.04
,,,5.98,0.04
,,,5.99,0.04
,,,6,0.04
,,,6.01,0.04
,,,6.02,0.04
,,,6.03,0.04
,,,6.04,0.04
,,,6.05,0.04
,,,6.06,0.02
,,,6.07,0.04
,,,6.08,0.08
,,,6.09,0.04
,,,6.1,0.04
,,,6.11,0.04
,,,6.12,0.04
,,,6.13,0.04
,,,6.14,-0.04
,,,6.15,-0.02
,,,6.16,0.12
,,,6.17,0.08
,,,6.18,0.06
,,,6.19,0.04
,,,6.2,0.04
,,,6.21,0.02
,,,6.22,0.02
,,,6.23,-0.04
,,,6.24,0.06
,,,6.25,0.1
,,,6.26,0.04
,,,6.27,0.04
,,,6.28,0.04
,,,6.29,0.04
,,,6.3,0.04
,,,6.31,-0.08
,,,6.32,0
,,,6.33,0.1
,,,6.34,0.1
,,,6.35,0.06
,,,6.36,0.04
,,,6.37,0.04
,,,6.38,0.04
,,,6.39,0.04
,,,6.4,0.04
,,,6.41,-0.08
,,,6.42,0.06
,,,6.43,0.08
,,,6.44,0.08
,,,6.45,0.04
,,,6.46,0.04
,,,6.47,0.06
,,,6.48,0.04
,,,6.49,0.04
,,,6.5,0.02
,,,6.51,-0.02
,,,6.52,0.04
,,,6.53,0.08
,,,6.54,0.04
,,,6.55,0.04
,,,6.56,0.04
,,,6.57,0.04
,,,6.58,0.04
,,,6.59,0.04
,,,6.6,-0.08
,,,6.61,0.04
,,,6.62,0.1
,,,6.63,0.08
,,,6.64,0.04
,,,6.65,0.04
,,,6.66,0.04
,,,6.67,0.04
,,,6.68,0.04
,,,6.69,0.02
,,,6.7,-0.12
,,,6.71,0.12
,,,6.72,0.08
,,,6.73,0.08
,,,6.74,0.06
,,,6.75,0.04
,,,6.76,0.04
,,,6.77,0.04
,,,6.78,0.04
,,,6.79,0.04
,,,6.8,-0.02
,,,6.81,0
,,,6.82,0.12
,,,6.83,0.08
,,,6.84,0.04
,,,6.85,0.04
,,,6.86,0.04
,,,6.87,0.04
,,,6.88,0.04
,,,6.89,0.04
,,,6.9,0
,,,6.91,-0.08
,,,6.92,0.1
,,,6.93,0.12
,,,6.94,0.08
,,,6.95,0.04
,,,6.96,0.04
,,,6.97,0.04
,,,6.98,0.04
,,,6.99,0.06
,,,7,0.04
,,,7.01,0.04
,,,7.02,0.04
,,,7.03,0.04
,,,7.04,0.04
,,,7.05,0.04
,,,7.06,0.04
,,,7.07,0.04
,,,7.08,0.04
,,,7.09,0.04
,,,7.1,0.04
,,,7.11,0.04
,,,7.12,0.04
,,,7.13,0.04
,,,7.14,0.04
,,,7.15,0.04
,,,7.16,0.04
,,,7.17,0.04
,,,7.18,0.04
,,,7.19,0.04
,,,7.2,0.04
,,,7.21,0.04
,,,7.22,0.04
,,,7.23,0.02
,,,7.24,0.04
,,,7.25,0.04
,,,7.26,0.04
,,,7.27,0.02
,,,7.28,0.04
,,,7.29,0.04
,,,7.3,0.04
,,,7.31,0.04
,,,7.32,0.04
,,,7.33,0.04
,,,7.34,0.02
,,,7.35,0.04
,,,7.36,-0.02
,,,7.37,0.02
,,,7.38,0.04
,,,7.39,0.06
,,,7.4,0.04
,,,7.41,0.02
,,,7.42,0.02
,,,7.43,0.04
,,,7.44,0.04
,,,7.45,0.04
,,,7.46,0
,,,7.47,0
,,,7.48,0.06
,,,7.49,0.08
,,,7.5,0.04
,,,7.51,0.04
,,,7.52,0.04
,,,7.53,0.04
,,,7.54,0.04
,,,7.55,0.04
,,,7.56,-0.02
,,,7.57,0
,,,7.58,0.06
,,,7.59,0.06
,,,7.6,0.04
,,,7.61,0.04
,,,7.62,0.04
,,,7.63,0.04
,,,7.64,0.04
,,,7.65,0.04
,,,7.66,0
,,,7.67,0
,,,7.68,0.06
,,,7.69,0.08
,,,7.7,0.04
,,,7.71,0.04
,,,7.72,0.04
,,,7.73,0.04
,,,7.74,0.04
,,,7.75,0.02
,,,7.76,0.02
,,,7.77,-0.02
,,,7.78,0.04
,,,7.79,0.04
,,,7.8,0.06
,,,7.81,0.04
,,,7.82,0.04
,,,7.83,0.04
,,,7.84,0.04
,,,7.85,0.04
,,,7.86,0.04
,,,7.87,-0.02
,,,7.88,0
,,,7.89,0.06
,,,7.9,0.08
,,,7.91,0.04
,,,7.92,0.04
,,,7.93,0.04
,,,7.94,0.04
,,,7.95,0.04
,,,7.96,0.04
,,,7.97,0.02
,,,7.98,-0.02
,,,7.99,0.04
,,,8,0.08
,,,8.01,0.06
,,,8.02,0.02
,,,8.03,0.04
,,,8.04,0.04
,,,8.05,0.04
,,,8.06,0.06
,,,8.07,0.04
,,,8.08,-0.02
,,,8.09,0.02
,,,8.1,0.06
,,,8.11,0.06
,,,8.12,0.04
,,,8.13,0.04
,,,8.14,0.04
,,,8.15,0.06
,,,8.16,0.04
,,,8.17,0.04
,,,8.18,0.04
,,,8.19,0
,,,8.2,0.04
,,,8.21,0.04
,,,8.22,0.06
,,,8.23,0.04
,,,8.24,0.04
,,,8.25,0.04
,,,8.26,0.04
,,,8.27,0.02
,,,8.28,0.04
,,,8.29,0.02
,,,8.3,0
,,,8.31,0.04
,,,8.32,0.06
,,,8.33,0.02
,,,8.34,0.04
,,,8.35,0.04
,,,8.36,0.02
,,,8.37,0.04
,,,8.38,0.04
,,,8.39,0.02
,,,8.4,0.04
,,,8.41,0.04
,,,8.42,0
,,,8.43,0.04
,,,8.44,0.04
,,,8.45,0.04
,,,8.46,0.02
,,,8.47,0.06
,,,8.48,0.02
,,,8.49,0.04
,,,8.5,0.04
,,,8.51,0
,,,8.52,0.02
,,,8.53,0.06
,,,8.54,0.06
,,,8.55,0.06
,,,8.56,0.04
,,,8.57,0.04
,,,8.58,0.04
,,,8.59,0.02
,,,8.6,0.04
,,,8.61,-0.02
,,,8.62,0
,,,8.63,0.06
,,,8.64,0.06
,,,8.65,0.06
,,,8.66,0.02
,,,8.67,0.04
,,,8.68,0.04
,,,8.69,0.04
,,,8.7,0.02
,,,8.71,0.04
,,,8.72,0.04
,,,8.73,0.04
,,,8.74,0.04
,,,8.75,0.04
,,,8.76,0.04
,,,8.77,0.04
,,,8.78,0.04
,,,8.79,0.04
,,,8.8,0.04
,,,8.81,0.04
,,,8.82,0.04
,,,8.83,0.02
,,,8.84,0.04
,,,8.85,0.04
,,,8.86,0.04
,,,8.87,0.04
,,,8.88,0.06
,,,8.89,0.04
,,,8.9,0.04
,,,8.91,0.04
,,,8.92,0.04
,,,8.93,0.04
,,,8.94,0.02
,,,8.95,0.02
,,,8.96,0
,,,8.97,0.04
,,,8.98,0.04
,,,8.99,0.06
,,,9,0.04
,,,9.01,0.04
,,,9.02,0.04
,,,9.03,0.04
,,,9.04,0.04
,,,9.05,0.02
,,,9.06,0.02
,,,9.07,0.02
,,,9.08,0
,,,9.09,0.06
,,,9.1,0.06
,,,9.11,0.04
,,,9.12,0.04
,,,9.13,0.04
,,,9.14,0.04
,,,9.15,0.04
,,,9.16,0.04
,,,9.17,0.04
,,,9.18,0.04
,,,9.19,0.04
,,,9.2,0.04
,,,9.21,0.04
,,,9.22,0.04
,,,9.23,0.04
,,,9.24,0.04
,,,9.25,0.04
,,,9.26,0.04
,,,9.27,0.04
,,,9.28,0.04
,,,9.29,0.04
,,,9.3,0.02
,,,9.31,0.04
,,,9.32,0.04
,,,9.33,0.04
,,,9.34,0.02
,,,9.35,0.04
,,,9.36,0.06
,,,9.37,0.04
,,,9.38,0.04
,,,9.39,0.04
,,,9.4,0.02
,,,9.41,0.04
,,,9.42,0.04
,,,9.43,0.04
,,,9.44,0.04
,,,9.45,0.04
,,,9.46,0.02
,,,9.47,0.04
,,,9.48,0.04
,,,9.49,0.04
,,,9.5,0.04
,,,9.51,0.04
,,,9.52,0.06
,,,9.53,0.04
,,,9.54,0.02
,,,9.55,0.04
,,,9.56,0.04
,,,9.57,0.02
,,,9.58,0.04
,,,9.59,0.04
,,,9.6,0.04
,,,9.61,0.04
,,,9.62,0.04
,,,9.63,0.04
,,,9.64,0.04
,,,9.65,0.04
,,,9.66,0.04
,,,9.67,0.02
,,,9.68,0
,,,9.69,0.04
,,,9.7,0.08
,,,9.71,0.06
,,,9.72,0.04
,,,9.73,0
,,,9.74,0.04
,,,9.75,0.02
,,,9.76,0.02
,,,9.77,0.04
,,,9.78,0.04
,,,9.79,0.04
,,,9.8,0.04
,,,9.81,0.04
,,,9.82,0.04
,,,9.83,0.04
,,,9.84,0.04
,,,9.85,0.04
,,,9.86,0.02
,,,9.87,0.04
,,,9.88,0.04
,,,9.89,0.04
,,,9.9,0.02
,,,9.91,0.02
,,,9.92,0.02
,,,9.93,0.04
,,,9.94,0.04
,,,9.95,0.04
,,,9.96,0.02
,,,9.97,0.02
,,,9.98,0.04
,,,9.99,0.02
,,,10,0.02
,,,10.01,0.04
,,,10.02,0.04
,,,10.03,0.04
,,,10.04,0.04
,,,10.05,0.04
,,,10.06,0.02
,,,10.07,0.04
,,,10.08,0.06
,,,10.09,0.04
,,,10.1,0.04
,,,10.11,0.02
,,,10.12,0.04
,,,10.13,0.04
,,,10.14,0.04
,,,10.15,0.04
,,,10.16,0.02
,,,10.17,0.02
,,,10.18,0.04
,,,10.19,0.04
,,,10.2,0.02
,,,10.21,0.04
,,,10.22,0.04
,,,10.23,0.04
,,,10.24,0.04
,,,10.25,0.04
,,,10.26,0.04
,,,10.27,0.04
,,,10.28,0.04
,,,10.29,0.04
,,,10.3,0.06
,,,10.31,0.02
,,,10.32,0.04
,,,10.33,0.04
,,,10.34,0.04
,,,10.35,0.04
,,,10.36,0.04
,,,10.37,0.04
,,,10.38,0.02
,,,10.39,0.04
,,,10.4,0.04
,,,10.41,0.02
,,,10.42,0.04
,,,10.43,0.04
,,,10.44,0.04
,,,10.45,0.04
,,,10.46,0.04
,,,10.47,0.04
,,,10.48,0.06
,,,10.49,0.02
,,,10.5,0.04
,,,10.51,0.04
,,,10.52,0.04
,,,10.53,0.04
,,,10.54,0.04
,,,10.55,0.04
,,,10.56,0.04
,,,10.57,0.04
,,,10.58,0.04
,,,10.59,0.04
,,,10.6,0.04
,,,10.61,0.02
,,,10.62,0.04
,,,10.63,0.04
,,,10.64,0.04
,,,10.65,0.04
,,,10.66,0.04
,,,10.67,0.04
,,,10.68,0.04
,,,10.69,0.04
,,,10.7,0.04
,,,10.71,0.04
,,,10.72,0.02
,,,10.73,0.04
,,,10.74,0.04
,,,10.75,0.04
,,,10.76,0.04
,,,10.77,0.04
,,,10.78,0.04
,,,10.79,0.04
,,,10.8,0.02
,,,10.81,0.02
,,,10.82,0.02
,,,10.83,0.02
,,,10.84,0.06
,,,10.85,0.06
,,,10.86,0.02
,,,10.87,0.04
,,,10.88,0.04
,,,10.89,0.04
,,,10.9,0.04
,,,10.91,0.04
,,,10.92,0.04
,,,10.93,0.04
,,,10.94,0.02
,,,10.95,0.04
,,,10.96,0.08
,,,10.97,0.02
,,,10.98,0.04
,,,10.99,0.04
,,,11,0.04
,,,11.01,0.02
,,,11.02,0.04
,,,11.03,0.04
,,,11.04,0.04
,,,11.05,0
,,,11.06,0.02
,,,11.07,0.06
,,,11.08,0.04
,,,11.09,0.04
,,,11.1,0.04
,,,11.11,0.06
,,,11.12,0.04
,,,11.13,0.04
,,,11.14,0.04
,,,11.15,0.04
,,,11.16,0.02
,,,11.17,0.02
,,,11.18,0.04
,,,11.19,0.06
,,,11.2,0.04
,,,11.21,0.04
,,,11.22,0.06
,,,11.23,0.04
,,,11.24,0.04
,,,11.25,0.04
,,,11.26,0.02
,,,11.27,0.04
,,,11.28,0.02
,,,11.29,0.02
,,,11.3,0.04
,,,11.31,0.06
,,,11.32,0.04
,,,11.33,0.04
,,,11.34,0.04
,,,11.35,0.06
,,,11.36,0.04
,,,11.37,0.04
,,,11.38,0.04
,,,11.39,0
,,,11.4,0.02
,,,11.41,0.04
,,,11.42,0.06
,,,11.43,0.02
,,,11.44,0.02
,,,11.45,0.04
,,,11.46,0.04
,,,11.47,0.04
,,,11.48,0.04
,,,11.49,0.04
,,,11.5,0.04
,,,11.51,0.02
,,,11.52,0.04
,,,11.53,0.06
,,,11.54,0.06
,,,11.55,0.04
,,,11.56,0.04
,,,11.57,0.04
,,,11.58,0.04
,,,11.59,0.04
,,,11.6,0.04
,,,11.61,0.04
,,,11.62,0.02
,,,11.63,-3.12
,,,11.64,-3.12
,,,11.65,-3.12
,,,11.66,-3.12
,,,11.67,-3.12
,,,11.68,-3.12
,,,11.69,-3.12
,,,11.7,-3.12
,,,11.71,-3.12
,,,11.72,-3.12
,,,11.73,-3.12
,,,11.74,-3.12
,,,11.75,-3.12
,,,11.76,-3.12
,,,11.77,-3.12
,,,11.78,-3.12
,,,11.79,-3.12
,,,11.8,-3.12
,,,11.81,-3.12
,,,11.82,-3.12
,,,11.83,-3.12
,,,11.84,-3.12
,,,11.85,-3.12
,,,11.86,-3.12
,,,11.87,-3.12
,,,11.88,-3.12
,,,11.89,-3.12
,,,11.9,-3.12
,,,11.91,-3.12
,,,11.92,-3.12
,,,11.93,-3.12
,,,11.94,-3.12
,,,11.95,-3.12
,,,11.96,-3.12
,,,11.97,-3.12
,,,11.98,-3.12
,,,11.99,-3.12
,,,12,-3.12
,,,12.01,-3.12
,,,12.02,-3.12
,,,12.03,-3.12
,,,12.04,-3.12
,,,12.05,-3.12
,,,12.06,-3.12
,,,12.07,-3.12
,,,12.08,-3.12
,,,12.09,-3.12
,,,12.1,-3.12
,,,12.11,-3.12
,,,12.12,-3.12
,,,12.13,-3.12
,,,12.14,-3.12
,,,12.15,-3.12
,,,12.16,-3.12
,,,12.17,-3.12
,,,12.18,-3.12
,,,12.19,-3.12
,,,12.2,-3.12
,,,12.21,-3.12
,,,12.22,-3.12
,,,12.23,-3.12
,,,12.24,-3.12
,,,12.25,-3.12
,,,12.26,-3.12
,,,12.27,-3.12
,,,12.28,-3.12
,,,12.29,-3.12
,,,12.3,-3.12
,,,12.31,-3.12
,,,12.32,-3.12
,,,12.33,-3.12
,,,12.34,-3.12
,,,12.35,-3.12
,,,12.36,-3.12
,,,12.37,-3.12
,,,12.38,-3.12
,,,12.39,-3.12
,,,12.4,-3.12
,,,12.41,-3.12
,,,12.42,-3.12
,,,12.43,-3.12
,,,12.44,-3.12
,,,12.45,-3.12
,,,12.46,-3.12
,,,12.47,-3.12
,,,12.48,-3.12
,,,12.49,-3.12
,,,12.5,-3.12
,,,12.51,-3.12
,,,12.52,-3.12
,,,12.53,-3.12
,,,12.54,-3.12
,,,12.55,-3.12
,,,12.56,-3.12
,,,12.57,-3.12
,,,12.58,-3.12
,,,12.59,-3.12
,,,12.6,-3.12
,,,12.61,-3.12
,,,12.62,-3.12
,,,12.63,-3.12
,,,12.64,-3.12
,,,12.65,-3.12
,,,12.66,-3.12
,,,12.67,-3.12
,,,12.68,-3.12
,,,12.69,-3.12
,,,12.7,-3.12
,,,12.71,-3.12
,,,12.72,-3.12
,,,12.73,-3.12
,,,12.74,-3.12
,,,12.75,-3.12
,,,12.76,-3.12
,,,12.77,-3.12
,,,12.78,-3.12
,,,12.79,-3.12
,,,12.8,-3.12
,,,12.81,-3.12
,,,12.82,-3.12
,,,12.83,-3.12
,,,12.84,-3.12
,,,12.85,-3.12
,,,12.86,-3.12
,,,12.87,-3.12
,,,12.88,-3.12
,,,12.89,-3.12
,,,12.9,-3.12
,,,12.91,-3.12
,,,12.92,-3.12
,,,12.93,-3.12
,,,12.94,-3.12
,,,12.95,-3.12
,,,12.96,-3.12
,,,12.97,-3.12
,,,12.98,-3.12
,,,12.99,-3.12
,,,13,-3.12
,,,13.01,-3.12
,,,13.02,-3.12
,,,13.03,-3.12
,,,13.04,-3.12
,,,13.05,-3.12
,,,13.06,-3.12
,,,13.07,-3.12
,,,13.08,-3.12
,,,13.09,-3.12
,,,13.1,-3.12
,,,13.11,-3.12
,,,13.12,-3.12
,,,13.13,-3.12
,,,13.14,-3.12
,,,13.15,-3.12
,,,13.16,-3.12
,,,13.17,-3.12
,,,13.18,-3.12
,,,13.19,-3.12
,,,13.2,-3.12
,,,13.21,-3.12
,,,13.22,-3.12
,,,13.23,-3.12
,,,13.24,-3.12
,,,13.25,-3.12
,,,13.26,-3.12
,,,13.27,-3.12
,,,13.28,-3.12
,,,13.29,-3.12
,,,13.3,-3.12
,,,13.31,-3.12
,,,13.32,-3.12
,,,13.33,-3.12
,,,13.34,-3.12
,,,13.35,-3.12
,,,13.36,-3.12
,,,13.37,-3.12
,,,13.38,-3.12
,,,13.39,-3.12
,,,13.4,-3.12
,,,13.41,-3.12
,,,13.42,-3.12
,,,13.43,-3.12
,,,13.44,-3.12
,,,13.45,-3.12
,,,13.46,-3.12
,,,13.47,-3.12
,,,13.48,-3.12
,,,13.49,-3.12
,,,13.5,-3.12
,,,13.51,-3.12
,,,13.52,-3.12
,,,13.53,-3.12
,,,13.54,-3.12
,,,13.55,-3.12
,,,13.56,-3.12
,,,13.57,-3.12
,,,13.58,-3.12
,,,13.59,-3.12
,,,13.6,-3.12
,,,13.61,-3.12
,,,13.62,-3.12
,,,13.63,-3.12
,,,13.64,-3.12
,,,13.65,-3.12
,,,13.66,-3.12
,,,13.67,-3.12
,,,13.68,-3.12
,,,13.69,-3.12
,,,13.7,-3.12
,,,13.71,-3.12
,,,13.72,-3.12
,,,13.73,-3.12
,,,13.74,-3.12
,,,13.75,-3.12
,,,13.76,-3.12
,,,13.77,-3.12
,,,13.78,-3.12
,,,13.79,-3.12
,,,13.8,-3.12
,,,13.81,-3.12
,,,13.82,-3.12
,,,13.83,-3.12
,,,13.84,-3.12
,,,13.85,-3.12
,,,13.86,-3.12
,,,13.87,-3.12
,,,13.88,-3.12
,,,13.89,-3.12
,,,13.9,-3.12
,,,13.91,-3.12
,,,13.92,-3.12
,,,13.93,-3.12
,,,13.94,-3.12
,,,13.95,-3.12
,,,13.96,-3.12
,,,13.97,-3.12
,,,13.98,-3.12
,,,13.99,-3.12
,,,14,-3.12
,,,14.01,-3.12
,,,14.02,-3.12
,,,14.03,-3.12
,,,14.04,-3.12
,,,14.05,-3.12
,,,14.06,-3.12
,,,14.07,-3.12
,,,14.08,-3.12
,,,14.09,-3.12
,,,14.1,-3.12
,,,14.11,-3.12
,,,14.12,0.04
,,,14.13,0.04
,,,14.14,0.04
,,,14.15,0.04
,,,14.16,0.04
,,,14.17,0.04
,,,14.18,0.02
,,,14.19,0.04
,,,14.2,0.02
,,,14.21,0.04
,,,14.22,0.04
,,,14.23,0.04
,,,14.24,0.04
,,,14.25,0.04
,,,14.26,0.04
,,,14.27,0.04
,,,14.28,0.02
,,,14.29,0.04
,,,14.3,0.04
,,,14.31,0.04
,,,14.32,0.04
,,,14.33,0.04
,,,14.34,0.02
,,,14.35,0.06
,,,14.36,0.04
,,,14.37,0.04
,,,14.38,0.04
,,,14.39,0.04
,,,14.4,0.04
,,,14.41,0.04
,,,14.42,0.04
,,,14.43,0.04
,,,14.44,0.04
,,,14.45,0.04
,,,14.46,0.04
,,,14.47,0.04
,,,14.48,0.04
,,,14.49,0.04
,,,14.5,0.04
,,,14.51,0.04
,,,14.52,0.04
,,,14.53,0.02
,,,14.54,0.04
,,,14.55,0.04
,,,14.56,0.04
,,,14.57,0.04
,,,14.58,0.04
,,,14.59,0.04
,,,14.6,0.04
,,,14.61,0.04
,,,14.62,0.04
,,,14.63,0.04
,,,14.64,0.04
,,,14.65,0.02
,,,14.66,0.04
,,,14.67,0.04
,,,14.68,0.04
,,,14.69,0.04
,,,14.7,0.04
,,,14.71,0.04
,,,14.72,0.04
,,,14.73,0.04
,,,14.74,0.04
,,,14.75,0.04
,,,14.76,0.04
,,,14.77,0.04
,,,14.78,0.04
,,,14.79,0.04
,,,14.8,0.04
,,,14.81,0.04
,,,14.82,0.04
,,,14.83,0.04
,,,14.84,0.04
,,,14.85,0.04
,,,14.86,0.04
,,,14.87,0.04
,,,14.88,0.02
,,,14.89,0.02
,,,14.9,0.04
,,,14.91,0.02
,,,14.92,0.04
,,,14.93,0.04
,,,14.94,0.02
,,,14.95,0.02
,,,14.96,0.04
,,,14.97,0.04
,,,14.98,0.04
,,,14.99,0.04
,,,15,0.04
,,,15.01,0.02
,,,15.02,0.04
,,,15.03,0.04
,,,15.04,0.04
,,,15.05,0.04
,,,15.06,0.04
,,,15.07,0.04
,,,15.08,0.02
,,,15.09,0.04
,,,15.1,0.04
,,,15.11,0.04
,,,15.12,0.04
,,,15.13,0.04
,,,15.14,0.04
,,,15.15,0.04
,,,15.16,0.04
,,,15.17,0.04
,,,15.18,0.04
,,,15.19,0.04
,,,15.2,0.02
,,,15.21,0.04
,,,15.22,0.04
,,,15.23,0.04
,,,15.24,0.04
,,,15.25,0.04
,,,15.26,0.04
,,,15.27,0.04
,,,15.28,0.04
,,,15.29,0.04
,,,15.3,0.04
,,,15.31,0.02
,,,15.32,0.02
,,,15.33,0.04
,,,15.34,0.04
,,,15.35,0.04
,,,15.36,0.04
,,,15.37,0.04
,,,15.38,0.04
,,,15.39,0.04
,,,15.4,0.04
,,,15.41,0.04
,,,15.42,0.04
,,,15.43,0.04
,,,15.44,0.04
,,,15.45,0.04
,,,15.46,0.04
,,,15.47,0.04
,,,15.48,0.04
,,,15.49,0.04
,,,15.5,0.04
,,,15.51,0.04
,,,15.52,0.02
,,,15.53,0.04
,,,15.54,0.04
,,,15.55,0.04
,,,15.56,0.04
,,,15.57,0.04
,,,15.58,0.04
,,,15.59,0.04
,,,15.6,0.04
,,,15.61,0.04
,,,15.62,0.06
,,,15.63,0.02
,,,15.64,0.04
,,,15.65,0.04
,,,15.66,0.04
,,,15.67,0.04
,,,15.68,0.04
,,,15.69,0.04
,,,15.7,0.04
,,,15.71,0.04
,,,15.72,0.02
,,,15.73,0.04
,,,15.74,0.04
,,,15.75,0.04
,,,15.76,0.04
,,,15.77,0.04
,,,15.78,0.04
,,,15.79,0.04
,,,15.8,0.04
,,,15.81,0.02
,,,15.82,0.04
,,,15.83,0.04
,,,15.84,0.04
,,,15.85,0.04
,,,15.86,0.04
,,,15.87,0.04
,,,15.88,0.04
,,,15.89,0.04
,,,15.9,0.04
,,,15.91,0.04
,,,15.92,0.04
,,,15.93,0.04
,,,15.94,0.04
,,,15.95,0.04
,,,15.96,0.04
,,,15.97,0.04
,,,15.98,0.04
,,,15.99,0.04
,,,16,0.04
,,,16.01,0.02
,,,16.02,0.04
,,,16.03,0.02
,,,16.04,0.04
,,,16.05,0.04
,,,16.06,0.04
,,,16.07,0.04
,,,16.08,0.04
,,,16.09,0.04
,,,16.1,0.04
,,,16.11,0.04
,,,16.12,0.04
,,,16.13,0.04
,,,16.14,0.04
,,,16.15,0.04
,,,16.16,0.04
,,,16.17,0.04
,,,16.18,0.04
,,,16.19,0.04
,,,16.2,0.04
,,,16.21,0.04
,,,16.22,0.04
,,,16.23,0.04
,,,16.24,0.04
,,,16.25,0.04
,,,16.26,0.04
,,,16.27,0.02
,,,16.28,0.04
,,,16.29,0.04
,,,16.3,0.04
,,,16.31,0.04
,,,16.32,0.04
,,,16.33,0.04
,,,16.34,0.04
,,,16.35,0.04
,,,16.36,0.04
,,,16.37,0.04
,,,16.38,0.04
,,,16.39,0.04
,,,16.4,0.04
,,,16.41,0.04
,,,16.42,0.04
,,,16.43,0.04
,,,16.44,0.04
,,,16.45,0.04
,,,16.46,0.04
,,,16.47,0.04
,,,16.48,0.04
,,,16.49,0.04
,,,16.5,0.04
,,,16.51,0.04
,,,16.52,0.04
,,,16.53,0.04
,,,16.54,0.02
,,,16.55,0.04
,,,16.56,0.04
,,,16.57,0.04
,,,16.58,0.02
,,,16.59,0.04
,,,16.6,0.02
,,,16.61,0.04
,,,16.62,0.04
,,,16.63,0.04
,,,16.64,0.02
,,,16.65,0.04
,,,16.66,0.04
,,,16.67,0.02
,,,16.68,0.04
,,,16.69,0.04
,,,16.7,0.04
,,,16.71,0.04
,,,16.72,0.02
,,,16.73,0.04
,,,16.74,0.04
,,,16.75,0.06
,,,16.76,0.04
,,,16.77,0.04
,,,16.78,0.04
,,,16.79,0.04
,,,16.8,0.04
,,,16.81,0.04
,,,16.82,0.04
,,,16.83,0.04
,,,16.84,0.04
,,,16.85,0.04
,,,16.86,0.04
,,,16.87,0.04
,,,16.88,0.04
,,,16.89,0.04
,,,16.9,0.04
,,,16.91,0.04
,,,16.92,0.04
,,,16.93,0.02
,,,16.94,0.04
,,,16.95,0.04
,,,16.96,0.04
,,,16.97,0.04
,,,16.98,0.04
,,,16.99,0.04
,,,17,0.04
,,,17.01,0.02
,,,17.02,0.04
,,,17.03,0.04
,,,17.04,0.04
,,,17.05,0.04
,,,17.06,0.04
,,,17.07,0.04
,,,17.08,0.04
,,,17.09,0.04
,,,17.1,0.04
,,,17.11,0.04
,,,17.12,0.04
,,,17.13,0.04
,,,17.14,0.04
,,,17.15,0.04
,,,17.16,0.04
,,,17.17,0.04
,,,17.18,0.04
,,,17.19,0.04
,,,17.2,0.04
,,,17.21,0.04
,,,17.22,0.04
,,,17.23,0.04
,,,17.24,0.04
,,,17.25,0.04
,,,17.26,0.06
,,,17.27,0.04
,,,17.28,0.04
,,,17.29,0.04
,,,17.3,0.04
,,,17.31,0.04
,,,17.32,0.04
,,,17.33,0.04
,,,17.34,0.04
,,,17.35,0.04
,,,17.36,0.04
,,,17.37,0.04
,,,17.38,0.04
,,,17.39,0.04
,,,17.4,0.04
,,,17.41,0.04
,,,17.42,0.04
,,,17.43,0.04
,,,17.44,0.04
,,,17.45,0.04
,,,17.46,0.04
,,,17.47,0.02
,,,17.48,0.04
,,,17.49,0.04
,,,17.5,0.04
,,,17.51,0.04
,,,17.52,0.04
,,,17.53,0.04
,,,17.54,0.04
,,,17.55,0.04
,,,17.56,0.04
,,,17.57,0.02
,,,17.58,0.04
,,,17.59,0.04
,,,17.6,0.04
,,,17.61,0.04
,,,17.62,0.04
,,,17.63,0.04
,,,17.64,0.04
,,,17.65,0.04
,,,17.66,0.04
,,,17.67,0.04
,,,17.68,0.04
,,,17.69,0.04
,,,17.7,0.02
,,,17.71,0.02
,,,17.72,0.04
,,,17.73,0.02
,,,17.74,0.04
,,,17.75,0.04
,,,17.76,0.04
,,,17.77,0.04
,,,17.78,0.04
,,,17.79,0.04
,,,17.8,0.04
,,,17.81,0.04
,,,17.82,0.04
,,,17.83,0.04
,,,17.84,0.04
,,,17.85,0.02
,,,17.86,0.02
,,,17.87,0.04
,,,17.88,0.04
,,,17.89,0.04
,,,17.9,0.04
,,,17.91,0.04
,,,17.92,0.04
,,,17.93,0.04
,,,17.94,0.02
,,,17.95,0.04
,,,17.96,0.04
,,,17.97,0.04
,,,17.98,0.02
,,,17.99,0.04
,,,18,0.04
,,,18.01,0.04
,,,18.02,0.04
,,,18.03,0.04
,,,18.04,0.04
,,,18.05,0.04
,,,18.06,0.04
,,,18.07,0.04
,,,18.08,0.04
,,,18.09,0.04
,,,18.1,0.04
,,,18.11,0.04
,,,18.12,0.04
,,,18.13,0.04
,,,18.14,0.02
,,,18.15,0.04
,,,18.16,0.04
,,,18.17,0.04
,,,18.18,0.04
,,,18.19,0.04
,,,18.2,0.04
,,,18.21,0.04
,,,18.22,0.04
,,,18.23,0.04
,,,18.24,0.04
,,,18.25,0.04
,,,18.26,0.04
,,,18.27,0.04
,,,18.28,0.04
,,,18.29,0.04
,,,18.3,0.04
,,,18.31,0.04
,,,18.32,0.04
,,,18.33,0.04
,,,18.34,0.04
,,,18.35,0.04
,,,18.36,0.04
,,,18.37,0.04
,,,18.38,0.04
,,,18.39,0.04
,,,18.4,0.04
,,,18.41,0.04
,,,18.42,0.04
,,,18.43,0.04
,,,18.44,0.04
,,,18.45,0.04
,,,18.46,0.04
,,,18.47,0.02
,,,18.48,0.04
,,,18.49,0.04
,,,18.5,0.02
,,,18.51,0.04
,,,18.52,0.04
,,,18.53,0.02
,,,18.54,0.04
,,,18.55,0.04
,,,18.56,0.04
,,,18.57,0.04
,,,18.58,0.04
,,,18.59,0.04
,,,18.6,0.04
,,,18.61,0.04
,,,18.62,0.04
,,,18.63,0.04
,,,18.64,0.04
,,,18.65,0.04
,,,18.66,0.04
,,,18.67,0.04
,,,18.68,0.04
,,,18.69,0.04
,,,18.7,0.04
,,,18.71,0.04
,,,18.72,0.04
,,,18.73,0.04
,,,18.74,0.04
,,,18.75,0.04
,,,18.76,0.04
,,,18.77,0.04
,,,18.78,0.04
,,,18.79,0.04
,,,18.8,0.04
,,,18.81,0.04
,,,18.82,0.04
,,,18.83,0.04
,,,18.84,0.04
,,,18.85,0.04
,,,18.86,0.04
,,,18.87,0.04
,,,18.88,0.04
,,,18.89,0.02
,,,18.9,0.04
,,,18.91,0.04
,,,18.92,0.04
,,,18.93,0.04
,,,18.94,0.04
,,,18.95,0.04
,,,18.96,0.04
,,,18.97,0.04
,,,18.98,0.04
,,,18.99,0.04
,,,19,0.02
,,,19.01,0.04
,,,19.02,0.04
,,,19.03,0.04
,,,19.04,0.04
,,,19.05,0.04
,,,19.06,0.04
,,,19.07,0.04
,,,19.08,0.04
,,,19.09,0.04
,,,19.1,0.04
,,,19.11,0.04
,,,19.12,0.04
,,,19.13,0.04
,,,19.14,0.04
,,,19.15,0.04
,,,19.16,0.04
,,,19.17,0.04
,,,19.18,0.04
,,,19.19,0.04
,,,19.2,0.04
,,,19.21,0.02
,,,19.22,0.04
,,,19.23,0.04
,,,19.24,0.04
,,,19.25,0.04
,,,19.26,0.04
,,,19.27,0.04
,,,19.28,0.04
,,,19.29,0.04
,,,19.3,0.04
,,,19.31,0.04
,,,19.32,0.04
,,,19.33,0.04
,,,19.34,0.04
,,,19.35,0.04
,,,19.36,0.04
,,,19.37,0.04
,,,19.38,0.04
,,,19.39,0.04
,,,19.4,0.04
,,,19.41,0.04
,,,19.42,0.04
,,,19.43,0.04
,,,19.44,0.04
,,,19.45,0.04
,,,19.46,0.04
,,,19.47,0.04
,,,19.48,0.02
,,,19.49,0.04
,,,19.5,0.04
,,,19.51,0.04
,,,19.52,0.04
,,,19.53,0.04
,,,19.54,0.04
,,,19.55,0.02
,,,19.56,0.04
,,,19.57,0.04
,,,19.58,0.04
,,,19.59,0.04
,,,19.6,0.04
,,,19.61,0.04
,,,19.62,0.04
,,,19.63,0.04
,,,19.64,0.04
,,,19.65,0.04
,,,19.66,0.04
,,,19.67,0.04
,,,19.68,0.04
,,,19.69,0.04
,,,19.7,0.02
,,,19.71,0.04
,,,19.72,0.04
,,,19.73,0.04
,,,19.74,0.04
,,,19.75,0.04
,,,19.76,0.04
,,,19.77,0.04
,,,19.78,0.02
,,,19.79,0.04
,,,19.8,0.04
,,,19.81,0.04
,,,19.82,0.04
,,,19.83,0.02
,,,19.84,0.04
,,,19.85,0.04
,,,19.86,0.02
,,,19.87,0.04
,,,19.88,0.04
,,,19.89,0.04
,,,19.9,0.04
,,,19.91,0.04
,,,19.92,0.04
,,,19.93,0.04
,,,19.94,0.04
,,,19.95,0.04
,,,19.96,0.04
,,,19.97,0.04
,,,19.98,0.02
,,,19.99,0.04
,,,20,0.04
,,,20.01,0.04
,,,20.02,0.04
,,,20.03,0.04
,,,20.04,0.04
,,,20.05,0.04
,,,20.06,0.04
,,,20.07,0.04
,,,20.08,0.04
,,,20.09,0.04
,,,20.1,0.04
,,,20.11,0.04
,,,20.12,0.04
,,,20.13,0.04
,,,20.14,0.04
,,,20.15,0.04
,,,20.16,0.04
,,,20.17,0.04
,,,20.18,0.02
,,,20.19,0.04
,,,20.2,0.04
,,,20.21,0.04
,,,20.22,0.04
,,,20.23,0.04
,,,20.24,0.04
,,,20.25,0.04
,,,20.26,0.02
,,,20.27,0.04
,,,20.28,0.02
,,,20.29,0.04
,,,20.3,0.04
,,,20.31,0.04
,,,20.32,0.04
,,,20.33,0.04
,,,20.34,0.04
,,,20.35,0.04
,,,20.36,0.04
,,,20.37,0.04
,,,20.38,0.04
,,,20.39,0.02
,,,20.4,0.04
,,,20.41,0.02
,,,20.42,0.04
,,,20.43,0.04
,,,20.44,0.04
,,,20.45,0.02
,,,20.46,0.04
,,,20.47,0.04
,,,20.48,0.04
,,,20.49,0.04
,,,20.5,0.04
,,,20.51,0.02
,,,20.52,0.04
,,,20.53,0.04
,,,20.54,0.04
,,,20.55,0.04
,,,20.56,0.04
,,,20.57,0.04
,,,20.58,0.04
,,,20.59,0.04
,,,20.6,0.02
,,,20.61,0.04
,,,20.62,0.04
,,,20.63,0.04
,,,20.64,0.04
,,,20.65,0.06
,,,20.66,0.04
,,,20.67,0.04
,,,20.68,0.04
,,,20.69,0.04
,,,20.7,0.04
,,,20.71,0.04
,,,20.72,0.04
,,,20.73,0.02
,,,20.74,0.04
,,,20.75,0.06
,,,20.76,0.04
,,,20.77,0.04
,,,20.78,0.04
,,,20.79,0.04
,,,20.8,0.04
,,,20.81,0.04
,,,20.82,0.04
,,,20.83,0.04
,,,20.84,0.04
,,,20.85,0.04
,,,20.86,0.04
,,,20.87,0.04
,,,20.88,0.04
,,,20.89,0.04
,,,20.9,0.04
,,,20.91,0.04
,,,20.92,0.04
,,,20.93,0.04
,,,20.94,0.04
,,,20.95,0.04
,,,20.96,0.04
,,,20.97,0.04
,,,20.98,0.04
,,,20.99,0.04
,,,21,0.04
,,,21.01,0.04
,,,21.02,0.06
,,,21.03,0.04
,,,21.04,0.02
,,,21.05,0.04
,,,21.06,0.04
,,,21.07,0.04
,,,21.08,0.04
,,,21.09,0.04
,,,21.1,0.04
,,,21.11,0.04
,,,21.12,0.04
,,,21.13,0.04
,,,21.14,0.04
,,,21.15,0.04
,,,21.16,0.04
,,,21.17,0.04
,,,21.18,0.04
,,,21.19,0.04
,,,21.2,0.04
,,,21.21,0.04
,,,21.22,0.04
,,,21.23,0.04
,,,21.24,0.04
,,,21.25,0.04
,,,21.26,0.04
,,,21.27,0.04
,,,21.28,0.04
,,,21.29,0.06
,,,21.3,0.04
,,,21.31,0.04
,,,21.32,0.04
,,,21.33,0.04
,,,21.34,0.04
,,,21.35,0.04
,,,21.36,0.04
,,,21.37,0.04
,,,21.38,0.02
,,,21.39,0.04
,,,21.4,0.02
,,,21.41,0.04
,,,21.42,0.04
,,,21.43,0.02
,,,21.44,0.04
,,,21.45,0.04
,,,21.46,0.04
,,,21.47,0.04
,,,21.48,0.04
,,,21.49,0.04
,,,21.5,0.04
,,,21.51,0.04
,,,21.52,0.04
,,,21.53,0.04
,,,21.54,0.04
,,,21.55,0.04
,,,21.56,0.04
,,,21.57,0.04
,,,21.58,0.02
,,,21.59,0.04
,,,21.6,0.04
,,,21.61,0.04
,,,21.62,0.04
,,,21.63,0.04
,,,21.64,0.04
,,,21.65,0.04
,,,21.66,0.04
,,,21.67,0.04
,,,21.68,0.04
,,,21.69,0.04
,,,21.7,0.04
,,,21.71,0.04
,,,21.72,0.04
,,,21.73,0.04
,,,21.74,0.04
,,,21.75,0.04
,,,21.76,0.04
,,,21.77,0.04
,,,21.78,0.04
,,,21.79,0.04
,,,21.8,0.02
,,,21.81,0.04
,,,21.82,0.04
,,,21.83,0.04
,,,21.84,0.04
,,,21.85,0.04
,,,21.86,0.02
,,,21.87,0.04
,,,21.88,0.04
,,,21.89,0.04
,,,21.9,0.04
,,,21.91,0.02
,,,21.92,0.04
,,,21.93,0.04
,,,21.94,0.02
,,,21.95,0.02
,,,21.96,0.04
,,,21.97,0.02
,,,21.98,0.04
,,,21.99,0.04
,,,22,0.04
,,,22.01,0.04
,,,22.02,0.04
,,,22.03,0.04
,,,22.04,0.04
,,,22.05,0.04
,,,22.06,0.04
,,,22.07,0.04
,,,22.08,0.04
,,,22.09,0.04
,,,22.1,0.06
,,,22.11,0.02
,,,22.12,0.04
,,,22.13,0.04
,,,22.14,0.02
,,,22.15,0.04
,,,22.16,0.04
,,,22.17,0.04
,,,22.18,0.02
,,,22.19,0.04
,,,22.2,0.04
,,,22.21,0.04
,,,22.22,0.04
,,,22.23,0.04
,,,22.24,0.04
,,,22.25,0.04
,,,22.26,0.04
,,,22.27,0.04
,,,22.28,0.02
,,,22.29,0.04
,,,22.3,0.02
,,,22.31,0.04
,,,22.32,0.04
,,,22.33,0.04
,,,22.34,0.04
,,,22.35,0.04
,,,22.36,0.04
,,,22.37,0.04
,,,22.38,0.04
,,,22.39,0.04
,,,22.4,0.04
,,,22.41,0.04
,,,22.42,0.04
,,,22.43,0.04
,,,22.44,0.04
,,,22.45,0.04
,,,22.46,0.04
,,,22.47,0.04
,,,22.48,0.04
,,,22.49,0.04
,,,22.5,0.04
,,,22.51,0.04
,,,22.52,0.04
,,,22.53,0.04
,,,22.54,0.04
,,,22.55,0.04
,,,22.56,0.04
,,,22.57,0.04
,,,22.58,0.04
,,,22.59,0.04
,,,22.6,0.04
,,,22.61,0.02
,,,22.62,0.04
,,,22.63,0.04
,,,22.64,0.04
,,,22.65,0.04
,,,22.66,0.04
,,,22.67,0.04
,,,22.68,0.04
,,,22.69,0.04
,,,22.7,0.04
,,,22.71,0.04
,,,22.72,0.04
,,,22.73,0.04
,,,22.74,0.04
,,,22.75,0.04
,,,22.76,0.04
,,,22.77,0.04
,,,22.78,0.04
,,,22.79,0.04
,,,22.8,0.04
,,,22.81,0.04
,,,22.82,0.04
,,,22.83,0.04
,,,22.84,0.04
,,,22.85,0.04
,,,22.86,0.04
,,,22.87,0.04
,,,22.88,0.04
,,,22.89,0.04
,,,22.9,0.04
,,,22.91,0.04
,,,22.92,0.02
,,,22.93,0.04
,,,22.94,0.04
,,,22.95,0.04
,,,22.96,0.02
,,,22.97,0.04
,,,22.98,0.04
,,,22.99,0.04
,,,23,0.04
,,,23.01,0.04
,,,23.02,0.04
,,,23.03,0.04
,,,23.04,0.04
,,,23.05,0.04
,,,23.06,0.02
,,,23.07,0.04
,,,23.08,0.04
,,,23.09,0.02
,,,23.1,0.04
,,,23.11,0.04
,,,23.12,0.04
,,,23.13,0.02
,,,23.14,0.04
,,,23.15,0.04
,,,23.16,0.04
,,,23.17,0.04
,,,23.18,0.04
,,,23.19,0.04
,,,23.2,0.04
,,,23.21,0.02
,,,23.22,0.04
,,,23.23,0.02
,,,23.24,0.04
,,,23.25,0.02
,,,23.26,0.04
,,,23.27,0.04
,,,23.28,0.04
,,,23.29,0.04
,,,23.3,0.04
,,,23.31,0.02
,,,23.32,0.04
,,,23.33,0.04
,,,23.34,0.04
,,,23.35,0.04
,,,23.36,0.02
,,,23.37,0.04
,,,23.38,0.04
,,,23.39,0.04
,,,23.4,0.04
,,,23.41,0.02
,,,23.42,0.04
,,,23.43,0.04
,,,23.44,0.04
,,,23.45,0.04
,,,23.46,0.04
,,,23.47,0.02
,,,23.48,0.04
,,,23.49,0.04
,,,23.5,0.04
,,,23.51,0.04
,,,23.52,0.04
,,,23.53,0.04
,,,23.54,0.04
,,,23.55,0.04
,,,23.56,0.04
,,,23.57,0.04
,,,23.58,0.04
,,,23.59,0.02
,,,23.6,0.04
,,,23.61,0.04
,,,23.62,0.02
,,,23.63,0.02
,,,23.64,0.04
,,,23.65,0.04
,,,23.66,0.04
,,,23.67,0.04
,,,23.68,0.04
,,,23.69,0.04
,,,23.7,0.04
,,,23.71,0.04
,,,23.72,0.04
,,,23.73,0.02
,,,23.74,0.04
,,,23.75,0.04
,,,23.76,0.04
,,,23.77,0.04
,,,23.78,0.04
,,,23.79,0.04
,,,23.8,0.04
,,,23.81,0.04
,,,23.82,0.04
,,,23.83,0.04
,,,23.84,0.04
,,,23.85,0.04
,,,23.86,0.04
,,,23.87,0.04
,,,23.88,0.04
,,,23.89,0.04
,,,23.9,0.04
,,,23.91,0.04
,,,23.92,0.04
,,,23.93,0.04
,,,23.94,0.04
,,,23.95,0.02
,,,23.96,0.04
,,,23.97,0.04
,,,23.98,0.04
,,,23.99,0.04
,,,24,0.04
,,,24.01,0.04
,,,24.02,0.04
,,,24.03,0.02
,,,24.04,0.04
,,,24.05,0.04
,,,24.06,0.02
,,,24.07,0.04
,,,24.08,0.04
,,,24.09,0.04
,,,24.1,0.04
,,,24.11,0.04
,,,24.12,0.04
,,,24.13,0.04
,,,24.14,0.04
,,,24.15,0.04
,,,24.16,0.04
,,,24.17,0.04
,,,24.18,0.04
,,,24.19,0.04
,,,24.2,0.04
,,,24.21,0.04
,,,24.22,0.04
,,,24.23,0.04
,,,24.24,0.04
,,,24.25,0.04
,,,24.26,0.04
,,,24.27,0.04
,,,24.28,0.02
,,,24.29,0.04
,,,24.3,0.04
,,,24.31,0.04
,,,24.32,0.04
,,,24.33,0.04
,,,24.34,0.04
,,,24.35,0.04
,,,24.36,0.04
,,,24.37,0.04
,,,24.38,0.02
,,,24.39,0.04
,,,24.4,0.04
,,,24.41,0.04
,,,24.42,0.04
,,,24.43,0.04
,,,24.44,0.04
,,,24.45,0.04
,,,24.46,0.04
,,,24.47,0.04
,,,24.48,0.02
,,,24.49,0.02
,,,24.5,0.04
,,,24.51,0.04
,,,24.52,0.04
,,,24.53,0.02
,,,24.54,0.04
,,,24.55,0.04
,,,24.56,0.04
,,,24.57,0.04
,,,24.58,0.02
,,,24.59,0.04
,,,24.6,0.04
,,,24.61,0.04
,,,24.62,0.04
,,,24.63,0.04
,,,24.64,0.04
,,,24.65,0.04
,,,24.66,0.04
,,,24.67,0.04
,,,24.68,0.04
,,,24.69,0.02
,,,24.7,0.04
,,,24.71,0.02
,,,24.72,0.02
,,,24.73,0.04
,,,24.74,0.04
,,,24.75,0.04
,,,24.76,0.02
,,,24.77,0.04
,,,24.78,0.04
,,,24.79,0.04
,,,24.8,0.04
,,,24.81,0.04
,,,24.82,0.06
,,,24.83,0.04
,,,24.84,0.04
,,,24.85,0.04
,,,24.86,0.04
,,,24.87,0.04
,,,24.88,0.04
,,,24.89,0.04
,,,24.9,0.04
,,,24.91,0.04
,,,24.92,0.04
,,,24.93,0.04
,,,24.94,0.04
,,,24.95,0.04
,,,24.96,0.04
,,,24.97,0.02
,,,24.98,0.04
,,,24.99,0.04
